"DATE","VISITOR_TEAM_ID","HOME_TEAM_ID","SEASON","HOME_TEAM_WINS","FGM_H","FGA_H","FGP_H","FG3M_H","FG3A_H","FG3P_H","FTM_H","FTA_H","FTP_H","OREB_H","DREB_H","REB_H","AST_H","STL_H","BLK_H","TO_H","PF_H","PTS_H","FGM_A","FGA_A","FGP_A","FG3M_A","FG3A_A","FG3P_A","FTM_A","FTA_A","FTP_A","OREB_A","DREB_A","REB_A","AST_A","STL_A","BLK_A","TO_A","PF_A","PTS_A","WIN_H","LOSE_H","RANKING_H","HOME_RECORD_H","ROAD_RECORD_H","WIN_A","LOSE_A","RANKING_A","HOME_RECORD_A","ROAD_RECORD_A"
"2021-10-19","BKN","MIL",2021,"YES",48,105,0.46,17,45,0.38,14,18,0.78,13,41,54,25,8,9,7,19,127,37,84,0.44,17,32,0.53,13,23,0.57,5,39,44,19,3,9,12,17,104,1,0,1,"1-0","0-0",0,1,0,"0-0","0-1"
"2021-10-19","GSW","LAL",2021,"NO",45,95,0.47,15,42,0.36,9,19,0.47,5,40,45,21,7,4,17,25,114,41,93,0.44,14,39,0.36,25,30,0.83,9,41,50,30,9,2,17,18,121,0,1,0,"0-1","0-0",1,0,1,"0-0","1-0"
"2021-10-20","BOS","NYK",2021,"YES",51,105,0.49,17,45,0.38,19,27,0.7,7,48,55,27,9,10,17,22,138,48,117,0.41,21,57,0.37,17,23,0.74,15,41,56,34,13,9,18,24,134,1,0,1,"1-0","0-0",0,1,0,"0-0","0-1"
"2021-10-20","CHI","DET",2021,"NO",36,90,0.4,6,28,0.21,10,13,0.77,11,36,47,17,7,5,16,16,88,37,86,0.43,7,23,0.3,13,15,0.87,9,39,48,18,8,5,17,19,94,0,1,0,"0-1","0-0",1,0,1,"0-0","1-0"
"2021-10-20","CLE","MEM",2021,"YES",53,100,0.53,14,33,0.42,12,12,1,13,40,53,28,8,8,10,15,132,47,93,0.51,14,38,0.37,13,18,0.72,7,29,36,38,6,5,10,17,121,1,0,1,"1-0","0-0",0,1,0,"0-0","0-1"
"2021-10-20","DEN","PHX",2021,"NO",36,87,0.41,14,37,0.38,12,17,0.71,11,34,45,23,9,3,18,18,98,44,83,0.53,17,39,0.44,5,9,0.56,6,40,46,25,9,1,17,20,110,0,1,0,"0-1","0-0",1,0,1,"0-0","1-0"
"2021-10-20","HOU","MIN",2021,"YES",42,87,0.48,16,38,0.42,24,31,0.77,13,33,46,26,18,12,18,22,124,40,88,0.45,11,33,0.33,15,22,0.68,12,29,41,21,13,3,24,25,106,1,0,1,"1-0","0-0",0,1,0,"0-0","0-1"
"2021-10-20","IND","CHA",2021,"YES",46,107,0.43,13,31,0.42,18,27,0.67,12,34,46,29,9,5,8,21,123,42,90,0.47,17,47,0.36,21,24,0.88,8,43,51,29,2,10,16,24,122,1,0,1,"1-0","0-0",0,1,0,"0-0","0-1"
"2021-10-20","OKC","UTA",2021,"YES",40,91,0.44,14,47,0.3,13,15,0.87,12,41,53,18,6,5,10,19,107,34,91,0.37,7,35,0.2,11,18,0.61,15,35,50,19,4,2,14,15,86,1,0,1,"1-0","0-0",0,1,0,"0-0","0-1"
"2021-10-20","ORL","SAS",2021,"YES",49,98,0.5,13,30,0.43,12,18,0.67,13,30,43,32,8,3,8,22,123,35,86,0.41,9,29,0.31,18,23,0.78,13,31,44,17,6,6,16,20,97,1,0,1,"1-0","0-0",0,1,0,"0-0","0-1"
"2021-10-20","PHI","NOP",2021,"NO",39,93,0.42,13,30,0.43,6,9,0.67,10,34,44,28,5,6,13,16,97,44,85,0.52,13,25,0.52,16,20,0.8,6,41,47,24,9,5,12,11,117,0,1,0,"0-1","0-0",1,0,1,"0-0","1-0"
"2021-10-20","SAC","POR",2021,"NO",45,93,0.48,12,35,0.34,19,22,0.86,9,40,49,25,5,5,12,22,121,42,92,0.46,17,41,0.41,23,29,0.79,7,36,43,24,6,4,10,22,124,0,1,0,"0-1","0-0",1,0,1,"0-0","1-0"
"2021-10-20","WAS","TOR",2021,"NO",30,97,0.31,7,34,0.21,16,22,0.73,19,35,54,14,10,4,19,21,83,36,81,0.44,5,27,0.19,21,26,0.81,7,44,51,20,14,8,21,17,98,0,1,0,"0-1","0-0",1,0,1,"0-0","1-0"
"2021-10-21","DAL","ATL",2021,"YES",45,94,0.48,15,35,0.43,8,9,0.89,6,49,55,31,8,9,13,16,113,31,93,0.33,13,43,0.3,12,13,0.92,10,40,50,16,7,3,15,21,87,1,0,1,"1-0","0-0",0,1,0,"0-0","0-1"
"2021-10-21","LAC","GSW",2021,"YES",43,83,0.52,15,31,0.48,14,22,0.64,10,43,53,27,5,4,21,20,115,42,96,0.44,14,40,0.35,15,21,0.71,8,31,39,24,9,2,7,25,113,2,0,1,"1-0","1-0",0,1,0,"0-0","0-1"
"2021-10-21","MIL","MIA",2021,"YES",51,96,0.53,15,35,0.43,20,31,0.65,11,47,58,28,8,2,11,26,137,32,84,0.38,12,42,0.29,19,29,0.66,5,33,38,19,6,0,15,26,95,1,0,1,"1-0","0-0",1,1,0.5,"1-0","0-1"
"2021-10-22","BKN","PHI",2021,"NO",43,91,0.47,14,36,0.39,9,11,0.82,5,30,35,17,8,9,8,21,109,41,88,0.47,12,38,0.32,20,24,0.83,11,36,47,26,6,6,12,16,114,1,1,0.5,"0-1","1-0",1,1,0.5,"0-0","1-1"
"2021-10-22","CHA","CLE",2021,"NO",43,84,0.51,9,31,0.29,17,20,0.85,7,29,36,26,9,3,18,15,112,48,91,0.53,13,32,0.41,14,17,0.82,11,35,46,32,13,1,18,16,123,0,2,0,"0-1","0-1",2,0,1,"1-0","1-0"
"2021-10-22","IND","WAS",2021,"YES",49,94,0.52,19,38,0.5,18,19,0.95,6,32,38,24,5,6,9,21,135,52,97,0.54,15,34,0.44,15,20,0.75,7,35,42,28,5,6,12,22,134,2,0,1,"1-0","1-0",0,2,0,"0-0","0-2"
"2021-10-22","NOP","CHI",2021,"YES",47,89,0.53,14,28,0.5,20,25,0.8,11,35,46,32,9,7,14,14,128,42,87,0.48,15,29,0.52,13,16,0.81,9,33,42,26,7,5,16,20,112,2,0,1,"1-0","1-0",0,2,0,"0-1","0-1"
"2021-10-22","NYK","ORL",2021,"NO",33,83,0.4,17,43,0.4,13,15,0.87,9,37,46,24,5,3,18,18,96,44,88,0.5,24,54,0.44,9,17,0.53,6,32,38,34,10,4,11,19,121,0,2,0,"0-1","0-1",2,0,1,"1-0","1-0"
"2021-10-22","OKC","HOU",2021,"YES",48,95,0.51,17,38,0.45,11,14,0.79,10,44,54,29,12,10,17,18,124,34,91,0.37,14,43,0.33,9,16,0.56,8,31,39,22,9,4,19,21,91,1,1,0.5,"1-0","0-1",0,2,0,"0-0","0-2"
"2021-10-22","PHX","LAL",2021,"NO",34,86,0.4,15,34,0.44,22,29,0.76,12,34,46,25,7,3,16,26,105,42,86,0.49,10,32,0.31,21,28,0.75,7,40,47,31,8,2,11,22,115,0,2,0,"0-2","0-0",1,1,0.5,"0-1","1-0"
"2021-10-22","SAS","DEN",2021,"YES",44,86,0.51,9,30,0.3,5,8,0.62,8,33,41,26,10,2,21,21,102,40,84,0.48,6,24,0.25,10,14,0.71,7,32,39,24,11,2,20,17,96,2,0,1,"1-0","1-0",1,1,0.5,"1-0","0-1"
"2021-10-22","TOR","BOS",2021,"NO",32,82,0.39,11,34,0.32,8,11,0.73,10,32,42,19,6,12,25,19,83,42,100,0.42,10,35,0.29,21,21,1,21,39,60,22,16,2,11,13,115,0,2,0,"0-1","0-1",1,1,0.5,"0-1","1-0"
"2021-10-22","UTA","SAC",2021,"NO",39,99,0.39,8,36,0.22,15,21,0.71,16,36,52,20,15,5,15,22,101,37,90,0.41,16,42,0.38,20,23,0.87,13,38,51,16,14,3,17,17,110,1,1,0.5,"0-1","1-0",2,0,1,"1-0","1-0"
"2021-10-23","ATL","CLE",2021,"YES",37,89,0.42,7,28,0.25,20,27,0.74,12,42,54,23,6,6,10,16,101,38,99,0.38,10,34,0.29,9,15,0.6,17,37,54,20,5,3,9,23,95,1,2,0.333,"1-1","0-1",1,1,0.5,"1-0","0-1"
"2021-10-23","DAL","TOR",2021,"NO",34,85,0.4,11,37,0.3,16,23,0.7,11,38,49,17,7,6,12,23,95,38,91,0.42,14,42,0.33,13,18,0.72,13,37,50,24,6,6,9,22,103,1,2,0.333,"0-2","1-0",1,1,0.5,"0-0","1-1"
"2021-10-23","DET","CHI",2021,"YES",35,84,0.42,11,26,0.42,16,19,0.84,3,39,42,24,13,11,12,17,97,34,88,0.39,5,28,0.18,9,15,0.6,11,42,53,14,9,8,20,17,82,3,0,1,"2-0","1-0",0,2,0,"0-1","0-1"
"2021-10-23","MEM","LAC",2021,"NO",43,99,0.43,13,39,0.33,15,17,0.88,14,30,44,23,7,4,7,21,114,42,90,0.47,15,36,0.42,21,25,0.84,13,35,48,26,5,3,11,19,120,0,2,0,"0-1","0-1",2,0,1,"1-0","1-0"
"2021-10-23","MIA","IND",2021,"YES",38,97,0.39,10,39,0.26,16,21,0.76,14,41,55,18,10,5,16,18,102,35,91,0.38,9,33,0.27,12,14,0.86,10,45,55,18,4,2,22,25,91,1,2,0.333,"1-0","0-2",1,1,0.5,"1-0","0-1"
"2021-10-23","MIL","SAS",2021,"NO",48,99,0.48,10,39,0.26,5,6,0.83,10,28,38,29,10,4,12,18,111,44,83,0.53,15,35,0.43,18,22,0.82,7,37,44,21,6,5,20,15,121,1,2,0.333,"1-1","0-1",2,1,0.667,"1-0","1-1"
"2021-10-23","NOP","MIN",2021,"YES",39,96,0.41,12,38,0.32,6,10,0.6,13,34,47,22,13,8,19,25,96,31,89,0.35,9,40,0.22,18,23,0.78,21,40,61,15,10,5,28,22,89,2,0,1,"2-0","0-0",0,3,0,"0-1","0-2"
"2021-10-23","PHX","POR",2021,"YES",51,94,0.54,21,50,0.42,11,17,0.65,8,40,48,24,8,5,9,15,134,43,89,0.48,9,28,0.32,10,15,0.67,7,31,38,27,6,1,14,19,105,1,1,0.5,"1-1","0-0",1,2,0.333,"0-1","1-1"
"2021-10-24","BOS","HOU",2021,"NO",32,75,0.43,14,32,0.44,19,24,0.79,5,35,40,20,7,4,18,20,97,38,86,0.44,15,47,0.32,16,20,0.8,6,37,43,22,10,6,11,22,107,1,2,0.333,"1-1","0-1",1,2,0.333,"0-1","1-1"
"2021-10-24","CHA","BKN",2021,"NO",38,87,0.44,9,35,0.26,10,12,0.83,9,35,44,18,10,8,17,19,95,43,94,0.46,10,30,0.33,15,19,0.79,10,38,48,26,10,5,12,17,111,1,2,0.333,"0-1","1-1",3,0,1,"1-0","2-0"
"2021-10-24","GSW","SAC",2021,"NO",42,86,0.49,15,46,0.33,8,13,0.62,10,37,47,26,0,4,19,16,107,43,97,0.44,13,37,0.35,20,24,0.83,14,29,43,26,12,3,6,13,119,1,2,0.333,"0-2","1-0",3,0,1,"1-0","2-0"
"2021-10-24","MEM","LAL",2021,"YES",45,84,0.54,16,30,0.53,15,22,0.68,9,27,36,29,10,12,17,14,121,45,100,0.45,13,35,0.37,15,18,0.83,18,31,49,25,13,4,17,20,118,1,2,0.333,"1-2","0-0",2,1,0.667,"1-0","1-1"
"2021-10-24","ORL","NYK",2021,"NO",37,100,0.37,13,48,0.27,17,25,0.68,16,36,52,20,8,8,12,21,104,36,88,0.41,12,43,0.28,26,34,0.76,10,47,57,22,7,4,13,25,110,2,1,0.667,"1-1","1-0",1,2,0.333,"0-1","1-1"
"2021-10-24","PHI","OKC",2021,"NO",40,84,0.48,8,31,0.26,15,19,0.79,6,36,42,24,9,4,11,17,103,41,88,0.47,17,41,0.41,16,20,0.8,12,35,47,25,4,9,12,17,115,0,3,0,"0-1","0-2",2,1,0.667,"0-1","2-0"
"2021-10-25","BOS","CHA",2021,"NO",46,103,0.45,19,44,0.43,18,28,0.64,14,38,52,26,4,6,14,25,129,50,101,0.5,19,50,0.38,21,25,0.84,11,42,53,33,8,9,12,23,140,3,1,0.75,"1-1","2-0",2,2,0.5,"0-1","2-1"
"2021-10-25","CHI","TOR",2021,"NO",40,83,0.48,12,30,0.4,16,20,0.8,13,34,47,27,8,1,19,18,108,39,81,0.48,12,27,0.44,21,22,0.95,5,24,29,24,11,3,13,16,111,1,3,0.25,"0-3","1-0",4,0,1,"2-0","2-0"
"2021-10-25","CLE","DEN",2021,"NO",35,86,0.41,9,38,0.24,8,12,0.67,11,36,47,21,10,3,21,22,87,38,82,0.46,7,25,0.28,16,20,0.8,11,38,49,26,8,5,14,18,99,2,1,0.667,"1-1","1-0",2,2,0.5,"1-1","1-1"
"2021-10-25","DET","ATL",2021,"YES",46,90,0.51,12,32,0.38,18,21,0.86,10,39,49,24,11,3,13,19,122,40,91,0.44,9,33,0.27,15,18,0.83,11,25,36,26,7,6,14,15,104,2,1,0.667,"2-0","0-1",0,3,0,"0-1","0-2"
"2021-10-25","MIL","IND",2021,"NO",40,90,0.44,14,36,0.39,15,17,0.88,12,35,47,23,6,1,19,24,109,41,85,0.48,11,32,0.34,26,31,0.84,7,35,42,24,13,6,13,19,119,1,3,0.25,"1-1","0-2",3,1,0.75,"1-0","2-1"
"2021-10-25","NOP","MIN",2021,"NO",31,90,0.34,15,50,0.3,21,27,0.78,11,30,41,20,10,7,11,19,98,39,87,0.45,10,30,0.33,19,23,0.83,15,45,60,19,5,5,17,20,107,2,1,0.667,"2-1","0-0",1,3,0.25,"0-1","1-2"
"2021-10-25","ORL","MIA",2021,"YES",41,87,0.47,6,27,0.22,19,19,1,9,33,42,28,10,2,10,19,107,33,81,0.41,12,44,0.27,12,19,0.63,6,33,39,21,7,6,16,22,90,2,1,0.667,"2-0","0-1",1,3,0.25,"0-1","1-2"
"2021-10-25","POR","LAC",2021,"YES",44,93,0.47,14,43,0.33,14,19,0.74,5,38,43,37,21,6,17,23,116,32,85,0.38,8,37,0.22,14,18,0.78,7,40,47,15,11,4,30,18,86,1,2,0.333,"1-1","0-1",1,2,0.333,"1-1","0-1"
"2021-10-25","WAS","BKN",2021,"YES",40,94,0.43,10,35,0.29,14,17,0.82,7,47,54,23,6,4,9,19,104,33,95,0.35,9,39,0.23,15,20,0.75,10,43,53,16,5,5,12,17,90,2,2,0.5,"1-1","1-1",2,1,0.667,"1-0","1-1"
"2021-10-26","DEN","UTA",2021,"YES",44,85,0.52,12,39,0.31,22,29,0.76,8,33,41,20,5,6,13,22,122,42,83,0.51,10,28,0.36,16,24,0.67,5,30,35,19,9,3,13,23,110,3,0,1,"2-0","1-0",2,2,0.5,"1-1","1-1"
"2021-10-26","GSW","OKC",2021,"NO",36,86,0.42,12,34,0.35,14,17,0.82,9,33,42,19,7,3,13,18,98,39,83,0.47,14,40,0.35,14,18,0.78,7,39,46,30,9,8,15,20,106,0,4,0,"0-2","0-2",4,0,1,"1-0","3-0"
"2021-10-26","HOU","DAL",2021,"YES",43,93,0.46,12,43,0.28,18,25,0.72,14,36,50,25,9,7,14,22,116,36,86,0.42,16,39,0.41,18,26,0.69,11,38,49,24,7,3,17,21,106,2,1,0.667,"1-0","1-1",1,3,0.25,"1-1","0-2"
"2021-10-26","LAL","SAS",2021,"NO",48,108,0.44,13,36,0.36,12,22,0.55,16,43,59,33,10,6,15,22,121,50,105,0.48,8,30,0.27,17,22,0.77,9,47,56,20,8,10,13,21,125,1,3,0.25,"1-2","0-1",2,2,0.5,"1-2","1-0"
"2021-10-26","PHI","NYK",2021,"YES",41,87,0.47,16,37,0.43,14,15,0.93,13,32,45,24,7,5,12,18,112,36,82,0.44,12,41,0.29,15,17,0.88,12,28,40,24,9,4,14,14,99,3,1,0.75,"2-1","1-0",2,2,0.5,"0-1","2-1"
"2021-10-27","ATL","NOP",2021,"NO",40,93,0.43,11,36,0.31,8,9,0.89,9,35,44,24,5,6,9,19,99,40,96,0.42,8,30,0.27,14,17,0.82,21,34,55,21,4,4,11,14,102,1,4,0.2,"0-2","1-2",3,1,0.75,"2-0","1-1"
"2021-10-27","CHA","ORL",2021,"NO",43,88,0.49,15,40,0.38,10,13,0.77,8,25,33,22,6,2,18,21,111,43,83,0.52,14,30,0.47,20,24,0.83,10,30,40,22,14,4,16,14,120,1,4,0.2,"0-2","1-2",4,1,0.8,"1-1","3-0"
"2021-10-27","CLE","LAC",2021,"NO",31,87,0.36,9,41,0.22,8,13,0.62,9,27,36,19,13,2,14,24,79,33,81,0.41,3,20,0.15,23,27,0.85,14,43,57,12,9,3,20,14,92,1,3,0.25,"1-2","0-1",3,2,0.6,"1-1","2-1"
"2021-10-27","IND","TOR",2021,"YES",46,100,0.46,14,30,0.47,12,19,0.63,16,25,41,22,18,6,10,20,118,38,79,0.48,10,29,0.34,14,17,0.82,9,31,40,19,6,7,22,19,100,2,3,0.4,"1-3","1-0",1,4,0.2,"1-1","0-3"
"2021-10-27","LAL","OKC",2021,"YES",43,86,0.5,15,37,0.41,22,29,0.76,10,32,42,21,8,3,15,16,123,46,92,0.5,11,35,0.31,12,14,0.86,10,30,40,29,8,2,17,22,115,1,4,0.2,"1-2","0-2",2,3,0.4,"1-2","1-1"
"2021-10-27","MEM","POR",2021,"YES",39,84,0.46,15,36,0.42,23,31,0.74,13,35,48,22,11,6,13,20,116,35,96,0.36,17,50,0.34,9,19,0.47,21,29,50,27,9,3,21,25,96,2,2,0.5,"2-1","0-1",2,2,0.5,"1-0","1-2"
"2021-10-27","MIA","BKN",2021,"NO",33,85,0.39,14,43,0.33,13,14,0.93,4,38,42,21,7,7,15,24,93,38,96,0.4,8,29,0.28,22,26,0.85,17,45,62,21,6,2,14,19,106,2,3,0.4,"1-2","1-1",3,1,0.75,"2-0","1-1"
"2021-10-27","MIN","MIL",2021,"NO",39,95,0.41,14,51,0.27,16,21,0.76,13,30,43,22,10,3,8,18,108,43,91,0.47,13,45,0.29,14,17,0.82,10,39,49,29,5,4,17,20,113,3,2,0.6,"1-1","2-1",3,1,0.75,"2-1","1-0"
"2021-10-27","SAC","PHX",2021,"NO",42,93,0.45,6,22,0.27,17,24,0.71,14,42,56,23,6,6,11,16,107,42,95,0.44,15,38,0.39,11,15,0.73,8,32,40,28,7,6,11,20,110,1,3,0.25,"0-2","1-1",2,2,0.5,"0-2","2-0"
"2021-10-27","WAS","BOS",2021,"NO",37,85,0.44,10,29,0.34,23,28,0.82,10,27,37,18,9,5,13,21,107,43,84,0.51,9,25,0.36,21,29,0.72,11,36,47,18,8,7,15,20,116,2,3,0.4,"0-2","2-1",3,1,0.75,"1-0","2-1"
"2021-10-28","ATL","WAS",2021,"YES",46,99,0.46,13,34,0.38,17,21,0.81,14,37,51,26,6,4,6,16,122,48,88,0.55,6,21,0.29,9,14,0.64,6,37,43,26,4,3,13,16,111,4,1,0.8,"2-0","2-1",3,2,0.6,"2-0","1-2"
"2021-10-28","DET","PHI",2021,"YES",38,76,0.5,12,27,0.44,22,24,0.92,6,40,46,22,7,9,20,23,110,35,86,0.41,13,39,0.33,19,27,0.7,10,27,37,22,11,4,12,22,102,3,2,0.6,"1-1","2-1",0,4,0,"0-1","0-3"
"2021-10-28","MEM","GSW",2021,"NO",39,90,0.43,14,40,0.35,9,12,0.75,7,41,48,29,8,7,22,17,101,39,97,0.4,12,48,0.25,14,14,1,10,41,51,25,17,9,17,14,104,4,1,0.8,"1-1","3-0",3,2,0.6,"1-0","2-2"
"2021-10-28","NYK","CHI",2021,"NO",36,84,0.43,11,32,0.34,20,22,0.91,5,32,37,25,6,5,7,18,103,39,85,0.46,11,29,0.38,15,20,0.75,11,38,49,16,5,7,13,21,104,4,1,0.8,"2-1","2-0",4,1,0.8,"2-1","2-0"
"2021-10-28","SAS","DAL",2021,"YES",41,89,0.46,18,45,0.4,4,13,0.31,9,36,45,18,4,7,12,19,104,39,88,0.44,12,30,0.4,9,15,0.6,11,37,48,21,6,11,14,16,99,3,1,0.75,"2-0","1-1",1,4,0.2,"1-2","0-2"
"2021-10-28","UTA","HOU",2021,"NO",31,95,0.33,9,44,0.2,20,23,0.87,13,28,41,15,8,3,11,24,91,41,85,0.48,16,46,0.35,24,30,0.8,10,48,58,24,8,4,16,23,122,1,4,0.2,"1-2","0-2",4,0,1,"2-0","2-0"
"2021-10-29","CHA","MIA",2021,"YES",43,91,0.47,9,35,0.26,19,19,1,16,44,60,23,6,3,17,20,114,35,90,0.39,13,37,0.35,16,22,0.73,11,26,37,21,8,6,11,17,99,4,1,0.8,"3-0","1-1",4,2,0.667,"1-1","3-1"
"2021-10-29","CLE","LAL",2021,"YES",46,84,0.55,12,27,0.44,9,10,0.9,11,31,42,24,9,6,20,20,113,37,87,0.43,12,34,0.35,15,22,0.68,16,20,36,28,10,1,15,13,101,3,3,0.5,"2-2","1-1",3,3,0.5,"1-1","2-2"
"2021-10-29","DAL","DEN",2021,"YES",43,83,0.52,11,36,0.31,9,13,0.69,5,46,51,28,8,3,19,24,106,23,78,0.29,8,37,0.22,21,27,0.78,6,30,36,14,8,3,15,17,75,3,2,0.6,"2-1","1-1",3,2,0.6,"2-0","1-2"
"2021-10-29","IND","BKN",2021,"YES",34,76,0.45,6,26,0.23,31,41,0.76,10,40,50,20,9,6,18,21,105,37,93,0.4,8,29,0.28,16,23,0.7,11,35,46,20,9,7,14,27,98,3,3,0.5,"2-2","1-1",1,5,0.167,"1-1","0-4"
"2021-10-29","LAC","POR",2021,"YES",41,98,0.42,19,41,0.46,10,16,0.62,16,47,63,21,8,6,14,19,111,34,87,0.39,15,42,0.36,9,16,0.56,6,37,43,17,7,5,12,14,92,3,2,0.6,"3-1","0-1",1,4,0.2,"1-2","0-2"
"2021-10-29","ORL","TOR",2021,"YES",43,86,0.5,9,30,0.3,15,22,0.68,9,31,40,18,11,2,7,18,110,41,87,0.47,16,34,0.47,11,16,0.69,12,34,46,24,1,5,17,24,109,3,3,0.5,"2-3","1-0",1,5,0.167,"0-2","1-3"
"2021-10-29","SAC","NOP",2021,"NO",42,98,0.43,9,34,0.26,16,25,0.64,13,36,49,18,9,6,10,22,109,40,80,0.5,9,27,0.33,24,25,0.96,3,42,45,19,4,5,14,20,113,1,5,0.167,"0-3","1-2",3,2,0.6,"0-2","3-0"
"2021-10-30","ATL","PHI",2021,"YES",46,86,0.53,12,38,0.32,18,19,0.95,5,32,37,24,11,6,12,24,122,36,95,0.38,8,22,0.36,14,19,0.74,20,29,49,24,6,1,19,17,94,4,2,0.667,"2-1","2-1",3,3,0.5,"2-0","1-3"
"2021-10-30","BOS","WAS",2021,"YES",38,104,0.37,10,36,0.28,29,36,0.81,12,50,62,19,6,7,13,22,115,44,107,0.41,2,26,0.08,22,25,0.88,8,46,54,23,8,10,11,32,112,5,1,0.833,"3-0","2-1",2,4,0.333,"0-2","2-2"
"2021-10-30","CLE","PHX",2021,"YES",39,84,0.46,6,26,0.23,17,27,0.63,8,44,52,27,12,3,13,14,101,36,91,0.4,14,44,0.32,6,7,0.86,10,37,47,21,8,3,19,21,92,2,3,0.4,"1-2","1-1",3,4,0.429,"1-1","2-3"
"2021-10-30","DEN","MIN",2021,"NO",35,89,0.39,13,41,0.32,8,9,0.89,15,31,46,21,8,6,20,23,91,36,88,0.41,9,37,0.24,12,16,0.75,14,34,48,24,11,10,18,15,93,3,2,0.6,"2-2","1-0",4,2,0.667,"2-1","2-1"
"2021-10-30","MIA","MEM",2021,"NO",34,88,0.39,16,50,0.32,19,21,0.9,8,24,32,26,14,7,14,17,103,46,88,0.52,21,37,0.57,16,19,0.84,11,39,50,31,12,2,18,17,129,3,3,0.5,"1-1","2-2",5,1,0.833,"3-0","2-1"
"2021-10-30","NYK","NOP",2021,"NO",42,92,0.46,11,33,0.33,22,24,0.92,12,31,43,30,7,3,11,24,117,42,81,0.52,19,33,0.58,20,25,0.8,5,32,37,22,7,4,12,21,123,1,6,0.143,"0-4","1-2",5,1,0.833,"2-1","3-0"
"2021-10-30","OKC","GSW",2021,"YES",39,92,0.42,21,54,0.39,4,8,0.5,10,46,56,30,9,8,15,21,103,29,83,0.35,8,39,0.21,16,21,0.76,3,42,45,14,8,6,15,8,82,5,1,0.833,"2-1","3-0",1,5,0.167,"1-2","0-3"
"2021-10-30","ORL","DET",2021,"YES",36,89,0.4,14,43,0.33,24,30,0.8,17,31,48,26,12,6,13,18,110,38,87,0.44,16,32,0.5,11,15,0.73,12,34,46,21,5,6,17,21,103,1,4,0.2,"1-1","0-3",1,6,0.143,"0-2","1-4"
"2021-10-30","SAS","MIL",2021,"NO",36,89,0.4,10,39,0.26,11,16,0.69,9,43,52,20,6,2,19,18,93,39,95,0.41,7,31,0.23,17,24,0.71,8,41,49,28,12,3,9,13,102,3,3,0.5,"1-2","2-1",2,4,0.333,"1-2","1-2"
"2021-10-30","TOR","IND",2021,"NO",35,81,0.43,13,43,0.3,11,16,0.69,8,32,40,25,8,10,19,17,94,39,92,0.42,11,32,0.34,8,12,0.67,12,36,48,18,8,4,15,17,97,1,6,0.143,"1-2","0-4",4,3,0.571,"2-3","2-0"
"2021-10-30","UTA","CHI",2021,"YES",39,91,0.43,5,21,0.24,24,30,0.8,9,36,45,16,8,5,9,19,107,35,92,0.38,11,38,0.29,18,19,0.95,14,40,54,15,5,7,20,21,99,5,1,0.833,"3-1","2-0",4,1,0.8,"2-0","2-1"
"2021-10-31","DET","BKN",2021,"YES",47,72,0.65,13,25,0.52,10,16,0.62,2,39,41,30,7,2,19,19,117,32,79,0.41,12,33,0.36,15,22,0.68,7,22,29,21,12,3,15,18,91,4,3,0.571,"3-2","1-1",1,5,0.167,"1-1","0-4"
"2021-10-31","HOU","LAL",2021,"YES",39,96,0.41,9,31,0.29,8,13,0.62,10,33,43,22,15,9,12,20,95,32,76,0.42,6,28,0.21,15,29,0.52,10,45,55,18,8,3,25,18,85,4,3,0.571,"3-2","1-1",1,5,0.167,"1-2","0-3"
"2021-10-31","POR","CHA",2021,"YES",46,89,0.52,20,42,0.48,13,21,0.62,10,34,44,36,4,6,8,18,125,43,97,0.44,17,54,0.31,10,11,0.91,15,32,47,30,4,5,12,18,113,5,2,0.714,"2-1","3-1",3,3,0.5,"3-1","0-2"
"2021-10-31","SAC","DAL",2021,"YES",40,90,0.44,12,37,0.32,13,20,0.65,10,35,45,24,8,4,9,20,105,38,96,0.4,7,36,0.19,16,20,0.8,17,39,56,20,6,3,12,19,99,4,2,0.667,"3-0","1-2",3,3,0.5,"0-2","3-1"
"2021-10-31","UTA","MIL",2021,"NO",39,96,0.41,12,41,0.29,5,6,0.83,13,31,44,16,7,3,9,22,95,35,75,0.47,12,37,0.32,25,27,0.93,7,37,44,13,6,10,12,10,107,3,4,0.429,"1-3","2-1",5,1,0.833,"2-0","3-1"
"2021-11-01","CHI","BOS",2021,"NO",42,96,0.44,15,33,0.45,15,20,0.75,13,25,38,20,10,1,9,15,114,49,86,0.57,13,31,0.42,17,18,0.94,10,40,50,30,7,8,14,19,128,2,5,0.286,"0-3","2-2",6,1,0.857,"3-1","3-0"
"2021-11-01","CLE","CHA",2021,"NO",42,101,0.42,15,39,0.38,11,15,0.73,20,26,46,27,12,12,17,23,110,39,90,0.43,9,28,0.32,26,38,0.68,17,32,49,21,12,7,16,14,113,5,3,0.625,"2-2","3-1",4,4,0.5,"1-1","3-3"
"2021-11-01","DEN","MEM",2021,"YES",44,97,0.45,13,34,0.38,5,7,0.71,11,44,55,20,8,4,12,18,106,39,88,0.44,9,38,0.24,10,15,0.67,6,34,40,27,8,8,12,10,97,4,3,0.571,"2-1","2-2",4,3,0.571,"2-1","2-2"
"2021-11-01","OKC","LAC",2021,"YES",35,92,0.38,15,42,0.36,14,19,0.74,13,38,51,18,8,5,12,14,99,35,90,0.39,11,37,0.3,13,16,0.81,10,41,51,17,8,6,16,18,94,2,4,0.333,"2-2","0-2",1,6,0.143,"1-2","0-4"
"2021-11-01","ORL","MIN",2021,"NO",36,97,0.37,14,51,0.27,11,19,0.58,16,31,47,21,8,1,12,20,97,37,82,0.45,17,43,0.4,24,30,0.8,12,39,51,21,5,7,16,19,115,3,3,0.5,"2-3","1-0",2,6,0.25,"0-2","2-4"
"2021-11-01","POR","PHI",2021,"YES",43,83,0.52,13,36,0.36,14,16,0.88,7,27,34,34,11,6,10,18,113,40,84,0.48,12,34,0.35,11,18,0.61,13,32,45,21,5,2,14,15,103,5,2,0.714,"3-1","2-1",3,4,0.429,"3-1","0-3"
"2021-11-01","SAS","IND",2021,"YES",52,91,0.57,18,38,0.47,9,12,0.75,10,29,39,37,11,4,14,19,131,47,89,0.53,14,28,0.5,10,14,0.71,8,28,36,34,6,4,16,9,118,2,6,0.25,"2-2","0-4",2,5,0.286,"1-2","1-3"
"2021-11-01","TOR","NYK",2021,"NO",35,76,0.46,16,38,0.42,18,24,0.75,7,34,41,20,3,4,16,13,104,43,99,0.43,14,42,0.33,13,14,0.93,13,35,48,24,12,4,8,20,113,5,2,0.714,"2-2","3-0",5,3,0.625,"2-3","3-0"
"2021-11-01","WAS","ATL",2021,"YES",38,83,0.46,13,34,0.38,29,29,1,13,34,47,24,9,5,11,17,118,41,86,0.48,13,39,0.33,16,16,1,7,29,36,27,7,4,12,24,111,4,3,0.571,"3-0","1-3",5,2,0.714,"3-0","2-2"
"2021-11-02","HOU","LAL",2021,"YES",49,93,0.53,6,25,0.24,15,20,0.75,11,32,43,26,10,4,17,19,119,48,91,0.53,16,42,0.38,5,12,0.42,11,27,38,27,8,4,24,21,117,5,3,0.625,"4-2","1-1",1,6,0.143,"1-2","0-4"
"2021-11-02","MIA","DAL",2021,"NO",37,84,0.44,14,42,0.33,22,31,0.71,11,30,41,17,1,3,9,21,110,43,83,0.52,13,25,0.52,26,30,0.87,9,36,45,25,6,5,6,25,125,4,3,0.571,"3-1","1-2",6,1,0.857,"3-0","3-1"
"2021-11-02","MIL","DET",2021,"NO",30,93,0.32,8,47,0.17,21,30,0.7,14,29,43,21,5,5,14,22,89,42,84,0.5,17,37,0.46,16,21,0.76,9,43,52,28,7,8,15,23,117,1,6,0.143,"1-2","0-4",4,4,0.5,"1-3","3-1"
"2021-11-02","NOP","PHX",2021,"YES",43,82,0.52,9,26,0.35,17,18,0.94,7,35,42,32,8,4,19,17,112,36,91,0.4,13,39,0.33,15,16,0.94,14,29,43,21,17,6,17,16,100,3,3,0.5,"2-2","1-1",1,7,0.125,"0-4","1-3"
"2021-11-02","SAC","UTA",2021,"YES",43,98,0.44,14,48,0.29,19,27,0.7,15,44,59,16,7,6,16,23,119,42,93,0.45,12,31,0.39,17,24,0.71,6,32,38,24,8,8,11,24,113,6,1,0.857,"3-0","3-1",3,4,0.429,"0-2","3-2"
"2021-11-03","ATL","BKN",2021,"YES",43,88,0.49,22,48,0.46,9,12,0.75,7,35,42,34,7,8,14,18,117,41,94,0.44,13,35,0.37,13,15,0.87,12,40,52,23,8,4,14,16,108,5,3,0.625,"4-2","1-1",4,4,0.5,"3-0","1-4"
"2021-11-03","BOS","ORL",2021,"NO",27,84,0.32,9,43,0.21,16,20,0.8,8,38,46,15,8,1,14,20,79,33,79,0.42,10,37,0.27,16,25,0.64,9,41,50,24,7,9,11,20,92,2,7,0.222,"0-3","2-4",3,5,0.375,"0-3","3-2"
"2021-11-03","CHA","GSW",2021,"YES",42,86,0.49,18,45,0.4,12,18,0.67,7,46,53,33,14,4,16,17,114,34,91,0.37,10,36,0.28,14,19,0.74,9,40,49,18,10,2,16,14,92,6,1,0.857,"3-1","3-0",5,4,0.556,"2-2","3-2"
"2021-11-03","CHI","PHI",2021,"YES",38,77,0.49,12,28,0.43,15,21,0.71,5,30,35,24,9,4,14,15,103,38,82,0.46,6,21,0.29,16,18,0.89,9,38,47,19,11,4,15,17,98,6,2,0.75,"4-1","2-1",6,2,0.75,"3-1","3-1"
"2021-11-03","DAL","SAS",2021,"NO",43,88,0.49,7,21,0.33,15,20,0.75,5,35,40,25,10,10,15,24,108,40,93,0.43,8,34,0.24,21,29,0.72,15,41,56,21,10,4,19,23,109,2,6,0.25,"1-3","1-3",5,3,0.625,"3-1","2-2"
"2021-11-03","DEN","MEM",2021,"YES",42,81,0.52,16,34,0.47,8,14,0.57,3,33,36,28,9,7,11,16,108,43,91,0.47,8,27,0.3,12,13,0.92,11,33,44,24,7,4,11,16,106,5,3,0.625,"3-1","2-2",4,4,0.5,"2-1","2-3"
"2021-11-03","LAC","MIN",2021,"NO",43,94,0.46,14,40,0.35,15,16,0.94,15,24,39,27,11,2,16,16,115,47,78,0.6,21,36,0.58,11,12,0.92,3,32,35,33,6,7,20,14,126,3,4,0.429,"2-4","1-0",3,4,0.429,"2-2","1-2"
"2021-11-03","NOP","SAC",2021,"YES",42,80,0.52,10,30,0.33,18,22,0.82,4,33,37,27,8,7,8,21,112,37,86,0.43,12,34,0.35,13,15,0.87,8,32,40,24,1,3,16,16,99,4,4,0.5,"1-2","3-2",1,8,0.111,"0-4","1-4"
"2021-11-03","NYK","IND",2021,"YES",42,91,0.46,16,41,0.39,11,14,0.79,10,39,49,26,7,7,11,22,111,36,87,0.41,5,24,0.21,21,27,0.78,14,32,46,23,7,6,10,19,98,3,6,0.333,"3-2","0-4",5,3,0.625,"2-2","3-1"
"2021-11-03","POR","CLE",2021,"YES",39,74,0.53,15,30,0.5,14,18,0.78,5,38,43,29,4,2,17,14,107,40,90,0.44,13,37,0.35,11,17,0.65,10,29,39,24,12,6,9,19,104,5,4,0.556,"2-1","3-3",3,5,0.375,"3-1","0-4"
"2021-11-03","TOR","WAS",2021,"NO",34,78,0.44,8,32,0.25,24,30,0.8,10,34,44,19,6,7,13,15,100,41,88,0.47,10,25,0.4,17,20,0.85,10,32,42,17,10,3,10,23,109,5,3,0.625,"3-1","2-2",6,3,0.667,"2-3","4-0"
"2021-11-04","BOS","MIA",2021,"NO",28,81,0.35,9,41,0.22,13,19,0.68,13,32,45,18,8,0,18,19,78,31,78,0.4,16,41,0.39,17,20,0.85,11,35,46,16,7,4,16,16,95,6,2,0.75,"3-1","3-1",4,5,0.444,"0-3","4-2"
"2021-11-04","HOU","PHX",2021,"YES",44,93,0.47,14,31,0.45,21,23,0.91,13,33,46,29,12,8,12,24,123,38,88,0.43,11,32,0.34,24,28,0.86,7,36,43,25,4,4,18,21,111,4,3,0.571,"3-2","1-1",1,7,0.125,"1-2","0-5"
"2021-11-04","OKC","LAL",2021,"NO",39,94,0.41,12,33,0.36,14,17,0.82,16,33,49,22,8,5,13,21,104,37,87,0.43,15,41,0.37,18,26,0.69,12,38,50,23,7,2,16,16,107,5,4,0.556,"4-3","1-1",2,6,0.25,"1-2","1-4"
"2021-11-04","PHI","DET",2021,"NO",35,87,0.4,11,36,0.31,17,19,0.89,12,29,41,21,6,2,11,18,98,41,83,0.49,12,32,0.38,15,22,0.68,15,34,49,22,8,3,12,17,109,1,7,0.125,"1-3","0-4",7,2,0.778,"4-1","3-1"
"2021-11-04","UTA","ATL",2021,"NO",35,82,0.43,7,28,0.25,21,26,0.81,5,27,32,18,11,4,9,24,98,41,81,0.51,17,41,0.41,17,23,0.74,8,38,46,30,6,4,14,20,116,4,5,0.444,"3-1","1-4",7,1,0.875,"3-0","4-1"
"2021-11-05","BKN","DET",2021,"NO",33,87,0.38,11,34,0.32,13,18,0.72,7,37,44,17,11,6,13,22,90,36,80,0.45,11,27,0.41,13,14,0.93,4,41,45,25,3,4,16,21,96,1,8,0.111,"1-4","0-4",6,3,0.667,"4-2","2-1"
"2021-11-05","CHA","SAC",2021,"YES",48,87,0.55,22,44,0.5,22,26,0.85,13,43,56,29,5,1,18,21,140,43,92,0.47,11,35,0.31,13,21,0.62,7,21,28,29,8,5,10,19,110,5,4,0.556,"2-2","3-2",5,5,0.5,"2-2","3-3"
"2021-11-05","CLE","TOR",2021,"NO",42,99,0.42,12,27,0.44,5,9,0.56,19,26,45,20,10,8,9,19,101,38,83,0.46,10,30,0.33,16,19,0.84,11,28,39,22,4,3,17,13,102,6,4,0.6,"2-4","4-0",6,4,0.6,"2-1","4-3"
"2021-11-05","IND","POR",2021,"YES",40,82,0.49,17,39,0.44,13,15,0.87,6,36,42,27,7,4,13,15,110,43,88,0.49,14,42,0.33,6,10,0.6,7,33,40,28,8,2,11,18,106,4,5,0.444,"4-1","0-4",3,7,0.3,"3-2","0-5"
"2021-11-05","LAC","MIN",2021,"NO",31,89,0.35,17,52,0.33,5,7,0.71,7,35,42,17,8,7,21,33,84,36,88,0.41,6,28,0.21,26,32,0.81,15,47,62,18,12,4,17,16,104,3,5,0.375,"2-5","1-0",4,4,0.5,"2-2","2-2"
"2021-11-05","MEM","WAS",2021,"YES",49,84,0.58,10,25,0.4,7,13,0.54,5,48,53,34,4,6,18,13,115,34,96,0.35,6,31,0.19,13,17,0.76,12,27,39,19,12,4,9,15,87,6,3,0.667,"4-1","2-2",5,4,0.556,"3-1","2-3"
"2021-11-05","NOP","GSW",2021,"YES",47,91,0.52,20,50,0.4,12,14,0.86,9,40,49,36,10,4,11,16,126,31,88,0.35,11,44,0.25,12,16,0.75,11,31,42,23,6,3,17,18,85,7,1,0.875,"4-1","3-0",1,9,0.1,"0-4","1-5"
"2021-11-05","NYK","MIL",2021,"NO",33,82,0.4,16,43,0.37,16,21,0.76,7,30,37,19,5,5,15,20,98,41,96,0.43,10,40,0.25,21,26,0.81,20,39,59,16,12,4,14,17,113,4,5,0.444,"1-4","3-1",6,3,0.667,"2-2","4-1"
"2021-11-05","SAS","ORL",2021,"NO",35,89,0.39,12,41,0.29,7,10,0.7,7,36,43,23,9,12,18,13,89,40,90,0.44,6,19,0.32,16,18,0.89,5,43,48,23,11,7,13,14,102,2,8,0.2,"0-4","2-4",3,6,0.333,"1-3","2-3"
"2021-11-06","ATL","PHX",2021,"YES",45,88,0.51,14,43,0.33,17,21,0.81,5,37,42,26,8,6,12,22,121,42,97,0.43,13,33,0.39,20,23,0.87,14,36,50,18,3,1,12,16,117,5,3,0.625,"4-2","1-1",4,6,0.4,"3-1","1-5"
"2021-11-06","BOS","DAL",2021,"YES",41,78,0.53,13,39,0.33,12,14,0.86,7,33,40,19,7,6,15,18,107,42,86,0.49,9,31,0.29,11,16,0.69,8,28,36,20,6,2,11,14,104,6,3,0.667,"4-1","2-2",4,6,0.4,"0-3","4-3"
"2021-11-06","HOU","DEN",2021,"YES",36,89,0.4,9,40,0.22,14,17,0.82,10,35,45,19,10,5,11,20,95,35,75,0.47,8,28,0.29,16,24,0.67,7,40,47,19,8,6,16,16,94,5,4,0.556,"3-1","2-3",1,8,0.111,"1-2","0-6"
"2021-11-06","LAL","POR",2021,"YES",36,95,0.38,15,55,0.27,18,24,0.75,12,40,52,22,14,7,11,21,105,31,90,0.34,9,32,0.28,19,24,0.79,11,48,59,20,8,5,19,17,90,5,5,0.5,"5-1","0-4",5,5,0.5,"4-3","1-2"
"2021-11-06","PHI","CHI",2021,"NO",37,92,0.4,7,29,0.24,24,30,0.8,18,28,46,20,7,1,9,19,105,43,81,0.53,13,26,0.5,15,19,0.79,6,35,41,22,6,5,14,22,114,6,3,0.667,"3-2","3-1",8,2,0.8,"4-1","4-1"
"2021-11-06","UTA","MIA",2021,"YES",47,78,0.6,11,21,0.52,13,17,0.76,7,29,36,30,3,1,14,18,118,43,83,0.52,15,45,0.33,14,19,0.74,7,24,31,26,10,3,6,19,115,7,2,0.778,"4-1","3-1",7,2,0.778,"3-0","4-2"
"2021-11-07","BKN","TOR",2021,"NO",41,87,0.47,7,30,0.23,14,18,0.78,8,27,35,23,10,6,8,16,103,41,80,0.51,17,38,0.45,17,20,0.85,12,36,48,29,3,0,15,15,116,6,5,0.545,"2-5","4-0",7,3,0.7,"4-2","3-1"
"2021-11-07","CHA","LAC",2021,"YES",41,86,0.48,18,48,0.38,20,21,0.95,7,43,50,24,8,5,20,16,120,41,101,0.41,10,33,0.3,14,18,0.78,12,32,44,20,13,2,13,21,106,5,4,0.556,"3-2","2-2",5,6,0.455,"2-2","3-4"
"2021-11-07","CLE","NYK",2021,"NO",39,85,0.46,9,31,0.29,22,24,0.92,7,25,32,21,9,9,10,14,109,49,90,0.54,19,35,0.54,9,11,0.82,11,37,48,31,8,2,15,18,126,6,4,0.6,"2-3","4-1",7,4,0.636,"2-1","5-3"
"2021-11-07","HOU","GSW",2021,"YES",44,85,0.52,15,46,0.33,17,20,0.85,7,34,41,31,12,3,15,28,120,36,79,0.46,10,33,0.3,25,37,0.68,12,30,42,17,11,3,21,16,107,8,1,0.889,"5-1","3-0",1,9,0.1,"1-2","0-7"
"2021-11-07","IND","SAC",2021,"NO",31,84,0.37,10,34,0.29,19,22,0.86,8,25,33,20,14,6,12,18,91,37,83,0.45,6,25,0.24,14,18,0.78,13,41,54,13,8,7,19,24,94,5,5,0.5,"2-3","3-2",4,7,0.364,"3-2","1-5"
"2021-11-07","MIL","WAS",2021,"YES",41,81,0.51,11,27,0.41,8,13,0.62,4,38,42,24,8,8,19,16,101,37,94,0.39,10,36,0.28,10,18,0.56,16,33,49,17,14,3,12,10,94,7,3,0.7,"5-1","2-2",4,6,0.4,"1-4","3-2"
"2021-11-07","SAS","OKC",2021,"YES",35,94,0.37,12,42,0.29,17,20,0.85,15,42,57,21,5,7,13,14,99,41,100,0.41,6,30,0.2,6,9,0.67,11,35,46,29,9,10,9,16,94,3,6,0.333,"2-2","1-4",3,7,0.3,"1-3","2-4"
"2021-11-07","UTA","ORL",2021,"YES",43,87,0.49,12,32,0.38,9,11,0.82,7,32,39,24,8,8,13,22,107,34,89,0.38,8,42,0.19,24,29,0.83,16,34,50,21,10,7,17,17,100,3,8,0.273,"1-4","2-4",7,3,0.7,"3-0","4-3"
"2021-11-08","ATL","GSW",2021,"YES",44,92,0.48,18,44,0.41,21,22,0.95,10,29,39,31,13,4,13,22,127,38,82,0.46,17,43,0.4,20,26,0.77,3,32,35,21,6,2,18,16,113,9,1,0.9,"6-1","3-0",4,7,0.364,"3-1","1-6"
"2021-11-08","BKN","CHI",2021,"YES",46,98,0.47,9,31,0.29,17,20,0.85,15,41,56,21,8,5,9,17,118,34,86,0.4,11,33,0.33,16,19,0.84,6,36,42,19,6,7,14,16,95,7,3,0.7,"4-2","3-1",7,4,0.636,"4-2","3-2"
"2021-11-08","CHA","LAL",2021,"YES",44,91,0.48,13,32,0.41,25,35,0.71,8,43,51,30,11,8,15,23,126,43,99,0.43,14,42,0.33,23,28,0.82,14,41,55,23,5,3,18,23,123,6,5,0.545,"5-3","1-2",5,7,0.417,"2-2","3-5"
"2021-11-08","MIA","DEN",2021,"YES",42,91,0.46,12,41,0.29,17,24,0.71,12,37,49,28,7,5,9,23,113,31,78,0.4,13,36,0.36,21,25,0.84,6,31,37,22,3,3,13,20,96,6,4,0.6,"4-1","2-3",7,3,0.7,"4-1","3-2"
"2021-11-08","MIN","MEM",2021,"YES",46,92,0.5,11,28,0.39,22,26,0.85,15,36,51,28,7,8,13,22,125,41,97,0.42,17,45,0.38,19,23,0.83,15,30,45,23,7,8,13,27,118,6,4,0.6,"4-1","2-3",3,6,0.333,"2-5","1-1"
"2021-11-08","NOP","DAL",2021,"YES",43,85,0.51,14,35,0.4,8,13,0.62,9,37,46,27,7,3,12,15,108,37,87,0.43,9,34,0.26,9,11,0.82,9,30,39,27,7,0,13,16,92,7,3,0.7,"5-1","2-2",1,10,0.091,"0-4","1-6"
"2021-11-08","NYK","PHI",2021,"NO",35,91,0.38,13,40,0.32,13,16,0.81,12,35,47,20,7,6,8,13,96,40,91,0.44,13,40,0.32,10,13,0.77,14,41,55,25,4,4,13,18,103,8,3,0.727,"4-2","4-1",7,4,0.636,"2-3","5-1"
"2021-11-08","PHX","SAC",2021,"NO",37,82,0.45,10,24,0.42,20,26,0.77,8,38,46,18,6,6,24,18,104,44,93,0.47,12,30,0.4,9,11,0.82,5,33,38,28,14,9,14,21,109,5,6,0.455,"2-4","3-2",6,3,0.667,"4-2","2-1"
"2021-11-09","ATL","UTA",2021,"YES",41,81,0.51,15,38,0.39,13,16,0.81,8,36,44,21,8,4,14,20,110,37,85,0.44,18,35,0.51,6,10,0.6,6,26,32,22,6,5,11,18,98,8,3,0.727,"4-0","4-3",4,8,0.333,"3-1","1-7"
"2021-11-09","MIL","PHI",2021,"NO",42,103,0.41,14,43,0.33,11,12,0.92,13,33,46,21,7,7,7,20,109,44,95,0.46,15,39,0.38,15,21,0.71,12,40,52,21,5,6,8,10,118,8,4,0.667,"4-3","4-1",5,6,0.455,"1-4","4-2"
"2021-11-09","POR","LAC",2021,"YES",44,85,0.52,16,30,0.53,13,19,0.68,5,38,43,25,5,0,8,17,117,43,91,0.47,14,37,0.38,9,12,0.75,9,34,43,29,6,5,9,15,109,6,4,0.6,"4-2","2-2",5,6,0.455,"5-1","0-5"
"2021-11-10","BKN","ORL",2021,"NO",35,92,0.38,4,33,0.12,16,24,0.67,12,37,49,19,10,3,17,18,90,46,91,0.51,16,37,0.43,15,17,0.88,8,41,49,29,8,5,15,18,123,3,9,0.25,"1-5","2-4",8,4,0.667,"4-2","4-2"
"2021-11-10","CHA","MEM",2021,"NO",45,107,0.42,9,38,0.24,9,15,0.6,20,37,57,27,14,8,16,18,108,41,90,0.46,15,36,0.42,21,24,0.88,9,40,49,32,13,7,17,16,118,6,5,0.545,"4-2","2-3",6,7,0.462,"2-2","4-5"
"2021-11-10","DAL","CHI",2021,"YES",45,89,0.51,15,31,0.48,12,14,0.86,8,38,46,26,9,2,11,15,117,38,83,0.46,12,33,0.36,19,24,0.79,8,35,43,23,9,4,12,16,107,8,3,0.727,"5-2","3-1",7,4,0.636,"5-1","2-3"
"2021-11-10","DET","HOU",2021,"NO",35,82,0.43,12,34,0.35,22,34,0.65,8,34,42,17,5,5,13,20,104,42,97,0.43,16,48,0.33,12,18,0.67,16,33,49,23,6,6,14,26,112,1,10,0.091,"1-3","0-7",2,8,0.2,"1-4","1-4"
"2021-11-10","IND","DEN",2021,"YES",36,84,0.43,12,30,0.4,17,20,0.85,11,28,39,19,5,4,10,14,101,40,84,0.48,11,31,0.35,7,11,0.64,10,38,48,22,5,11,12,19,98,7,4,0.636,"5-1","2-3",4,8,0.333,"3-2","1-6"
"2021-11-10","MIA","LAL",2021,"YES",46,92,0.5,18,38,0.47,10,16,0.62,9,41,50,26,5,6,22,27,120,40,96,0.42,10,37,0.27,27,35,0.77,11,36,47,26,14,2,14,25,117,7,5,0.583,"6-3","1-2",7,4,0.636,"4-1","3-3"
"2021-11-10","MIL","NYK",2021,"NO",36,83,0.43,16,37,0.43,12,17,0.71,7,31,38,19,9,10,10,17,100,40,90,0.44,26,50,0.52,6,9,0.67,13,37,50,29,4,4,14,17,112,7,5,0.583,"2-4","5-1",6,6,0.5,"1-4","5-2"
"2021-11-10","MIN","GSW",2021,"YES",40,85,0.47,11,40,0.28,32,40,0.8,20,33,53,23,14,6,16,21,123,39,95,0.41,17,44,0.39,15,20,0.75,17,23,40,30,8,4,17,28,110,10,1,0.909,"7-1","3-0",3,7,0.3,"2-5","1-2"
"2021-11-10","OKC","NOP",2021,"NO",34,97,0.35,9,35,0.26,23,32,0.72,19,31,50,24,13,5,9,20,100,37,87,0.43,10,34,0.29,24,30,0.8,13,43,56,23,6,4,18,23,108,1,11,0.083,"0-5","1-6",4,6,0.4,"2-2","2-4"
"2021-11-10","POR","PHX",2021,"YES",49,94,0.52,11,28,0.39,10,12,0.83,9,30,39,27,6,6,10,20,119,44,91,0.48,7,30,0.23,14,16,0.88,14,32,46,24,5,2,14,21,109,7,3,0.7,"5-2","2-1",5,7,0.417,"5-1","0-6"
"2021-11-10","SAC","SAS",2021,"YES",49,92,0.53,18,32,0.56,20,31,0.65,12,31,43,34,11,3,8,16,136,47,91,0.52,10,36,0.28,13,16,0.81,11,33,44,20,4,6,15,26,117,4,7,0.364,"2-3","2-4",5,7,0.417,"2-4","3-3"
"2021-11-10","TOR","BOS",2021,"YES",42,94,0.45,10,29,0.34,10,15,0.67,12,32,44,21,10,5,15,13,104,33,77,0.43,6,25,0.24,16,19,0.84,6,35,41,20,8,8,18,17,88,5,6,0.455,"1-3","4-3",6,6,0.5,"2-5","4-1"
"2021-11-10","WAS","CLE",2021,"NO",35,76,0.46,9,31,0.29,15,21,0.71,6,34,40,21,7,4,14,18,94,35,84,0.42,10,28,0.36,17,17,1,12,37,49,25,9,2,12,20,97,7,5,0.583,"2-2","5-3",8,3,0.727,"5-1","3-2"
"2021-11-11","IND","UTA",2021,"NO",39,83,0.47,9,32,0.28,13,23,0.57,7,30,37,22,6,4,12,16,100,43,96,0.45,11,31,0.35,14,19,0.74,15,38,53,19,7,5,10,23,111,8,4,0.667,"4-1","4-3",5,8,0.385,"3-2","2-6"
"2021-11-11","MIA","LAC",2021,"YES",43,91,0.47,11,37,0.3,15,17,0.88,9,33,42,20,9,9,12,14,112,43,97,0.44,9,41,0.22,14,17,0.82,18,32,50,18,9,4,15,21,109,7,4,0.636,"5-2","2-2",7,5,0.583,"4-1","3-4"
"2021-11-11","TOR","PHI",2021,"NO",40,88,0.45,11,34,0.32,18,19,0.95,9,30,39,29,8,8,12,16,109,42,96,0.44,14,33,0.42,17,17,1,16,31,47,25,10,7,11,18,115,8,5,0.615,"4-4","4-1",7,6,0.538,"2-5","5-1"
"2021-11-12","ATL","DEN",2021,"YES",40,90,0.44,10,35,0.29,15,20,0.75,10,39,49,26,6,5,7,21,105,38,93,0.41,5,28,0.18,15,21,0.71,14,36,50,20,2,5,8,20,96,8,4,0.667,"6-1","2-3",4,9,0.308,"3-1","1-8"
"2021-11-12","BKN","NOP",2021,"NO",43,88,0.49,13,32,0.41,13,16,0.81,12,31,43,26,6,5,15,26,112,41,82,0.5,18,34,0.53,20,27,0.74,7,27,34,27,9,4,12,20,120,1,12,0.077,"0-6","1-6",9,4,0.692,"4-2","5-2"
"2021-11-12","CHI","GSW",2021,"YES",45,93,0.48,15,46,0.33,14,16,0.88,12,35,47,27,15,3,16,15,119,34,78,0.44,8,27,0.3,17,22,0.77,7,31,38,18,9,2,20,16,93,11,1,0.917,"8-1","3-0",8,4,0.667,"5-2","3-2"
"2021-11-12","DAL","SAS",2021,"NO",41,84,0.49,13,30,0.43,14,20,0.7,3,38,41,30,3,3,13,17,109,46,100,0.46,18,45,0.4,13,19,0.68,10,38,48,30,9,7,5,18,123,4,8,0.333,"2-4","2-4",8,4,0.667,"5-1","3-3"
"2021-11-12","DET","CLE",2021,"YES",39,82,0.48,14,41,0.34,6,9,0.67,8,32,40,27,12,6,19,11,98,29,79,0.37,9,30,0.3,11,13,0.85,10,33,43,18,12,5,23,13,78,8,5,0.615,"3-2","5-3",2,9,0.182,"1-4","1-5"
"2021-11-12","MIL","BOS",2021,"YES",47,96,0.49,12,41,0.29,16,18,0.89,16,37,53,22,5,7,16,12,122,44,98,0.45,16,47,0.34,9,11,0.82,12,27,39,23,7,3,11,19,113,6,6,0.5,"2-3","4-3",6,7,0.462,"1-4","5-3"
"2021-11-12","MIN","LAL",2021,"NO",29,82,0.35,9,41,0.22,16,20,0.8,11,33,44,17,12,8,19,14,83,43,94,0.46,12,37,0.32,9,12,0.75,14,40,54,24,10,4,16,21,107,7,6,0.538,"6-4","1-2",4,7,0.364,"2-5","2-2"
"2021-11-12","NYK","CHA",2021,"YES",39,90,0.43,10,36,0.28,16,24,0.67,12,37,49,25,10,5,12,18,104,36,93,0.39,13,35,0.37,11,18,0.61,14,37,51,17,8,5,19,22,96,7,7,0.5,"3-2","4-5",7,6,0.538,"2-4","5-2"
"2021-11-12","PHX","MEM",2021,"NO",37,98,0.38,7,33,0.21,13,23,0.57,17,42,59,19,6,6,15,16,94,46,94,0.49,18,37,0.49,9,9,1,4,42,46,28,12,6,12,22,119,6,6,0.5,"4-3","2-3",8,3,0.727,"5-2","3-1"
"2021-11-12","POR","HOU",2021,"NO",34,85,0.4,7,32,0.22,17,27,0.63,9,40,49,13,6,6,13,23,92,34,87,0.39,11,36,0.31,25,31,0.81,11,41,52,21,10,4,13,27,104,1,11,0.083,"1-4","0-7",6,7,0.462,"5-1","1-6"
"2021-11-12","SAC","OKC",2021,"YES",42,99,0.42,10,30,0.33,11,15,0.73,16,36,52,13,8,6,10,18,105,38,95,0.4,14,41,0.34,13,17,0.76,11,38,49,20,5,7,13,12,103,5,6,0.455,"3-2","2-4",5,8,0.385,"2-4","3-4"
"2021-11-13","BOS","CLE",2021,"YES",31,81,0.38,10,38,0.26,19,22,0.86,9,30,39,17,10,4,11,19,91,33,78,0.42,6,23,0.26,17,18,0.94,10,37,47,20,7,3,19,16,89,9,5,0.643,"4-2","5-3",6,7,0.462,"2-3","4-4"
"2021-11-13","DET","TOR",2021,"NO",44,87,0.51,13,34,0.38,20,31,0.65,15,24,39,21,9,1,13,25,121,43,79,0.54,15,35,0.43,26,30,0.87,9,25,34,34,5,6,13,23,127,7,7,0.5,"2-6","5-1",3,9,0.25,"1-4","2-5"
"2021-11-13","MEM","NOP",2021,"YES",38,79,0.48,14,29,0.48,22,25,0.88,8,29,37,29,5,6,13,22,112,38,88,0.43,8,24,0.33,17,21,0.81,13,26,39,21,6,6,9,19,101,2,12,0.143,"1-6","1-6",6,7,0.462,"4-3","2-4"
"2021-11-13","MIA","UTA",2021,"NO",35,85,0.41,17,53,0.32,18,25,0.72,12,26,38,23,13,2,16,19,105,42,85,0.49,13,33,0.39,14,16,0.88,13,35,48,23,6,3,19,25,111,8,5,0.615,"4-2","4-3",8,5,0.615,"4-1","4-4"
"2021-11-13","MIN","LAC",2021,"YES",53,99,0.54,16,40,0.4,7,9,0.78,11,46,57,35,6,8,14,17,129,40,102,0.39,11,36,0.31,11,16,0.69,12,29,41,25,8,6,10,15,102,8,4,0.667,"6-2","2-2",4,8,0.333,"2-5","2-3"
"2021-11-13","PHI","IND",2021,"YES",47,82,0.57,14,28,0.5,10,15,0.67,7,30,37,33,7,10,15,21,118,38,89,0.43,12,23,0.52,25,29,0.86,18,28,46,16,11,2,14,22,113,6,8,0.429,"4-2","2-6",8,6,0.571,"4-4","4-2"
"2021-11-13","WAS","ORL",2021,"NO",31,92,0.34,13,40,0.32,17,20,0.85,14,30,44,21,7,5,13,15,92,42,84,0.5,12,35,0.34,8,10,0.8,7,41,48,29,6,7,15,17,104,3,10,0.231,"1-6","2-4",9,3,0.75,"5-1","4-2"
"2021-11-14","BKN","OKC",2021,"NO",36,90,0.4,14,45,0.31,10,11,0.91,10,34,44,20,9,2,14,22,96,41,82,0.5,18,43,0.42,20,21,0.95,7,37,44,31,8,3,13,15,120,5,7,0.417,"3-3","2-4",10,4,0.714,"4-2","6-2"
"2021-11-14","CHI","LAC",2021,"NO",29,81,0.36,11,34,0.32,21,21,1,9,35,44,16,7,7,19,15,90,38,86,0.44,11,29,0.38,13,14,0.93,7,38,45,19,9,4,15,20,100,8,5,0.615,"6-3","2-2",9,4,0.692,"5-2","4-2"
"2021-11-14","GSW","CHA",2021,"YES",42,88,0.48,14,36,0.39,8,12,0.67,4,35,39,23,10,2,11,21,106,38,90,0.42,9,39,0.23,17,25,0.68,11,38,49,31,8,7,15,17,102,8,7,0.533,"4-2","4-5",11,2,0.846,"8-1","3-1"
"2021-11-14","MIL","ATL",2021,"YES",47,97,0.48,15,35,0.43,11,13,0.85,15,36,51,21,6,1,12,19,120,38,84,0.45,14,41,0.34,10,16,0.62,4,26,30,24,8,3,11,17,100,5,9,0.357,"4-1","1-8",6,8,0.429,"1-4","5-4"
"2021-11-14","PHX","HOU",2021,"NO",35,85,0.41,7,32,0.22,12,18,0.67,9,39,48,19,7,5,23,19,89,42,97,0.43,14,40,0.35,17,20,0.85,12,40,52,19,16,7,10,19,115,1,12,0.077,"1-5","0-7",9,3,0.75,"5-2","4-1"
"2021-11-14","POR","DEN",2021,"YES",47,90,0.52,19,40,0.48,11,14,0.79,14,35,49,29,9,1,9,14,124,35,80,0.44,13,39,0.33,12,13,0.92,8,28,36,22,8,4,12,15,95,9,4,0.692,"7-1","2-3",6,8,0.429,"5-1","1-7"
"2021-11-14","SAS","LAL",2021,"YES",43,83,0.52,15,31,0.48,13,17,0.76,9,37,46,28,6,5,14,16,114,40,90,0.44,16,36,0.44,10,15,0.67,11,32,43,28,9,2,15,17,106,8,6,0.571,"7-4","1-2",4,9,0.308,"2-4","2-5"
"2021-11-15","BOS","CLE",2021,"NO",32,83,0.39,16,40,0.4,12,16,0.75,7,35,42,18,6,3,13,18,92,36,78,0.46,10,29,0.34,16,20,0.8,6,40,46,23,7,6,14,16,98,9,6,0.6,"4-3","5-3",7,7,0.5,"2-3","5-4"
"2021-11-15","CHI","LAL",2021,"NO",36,79,0.46,6,32,0.19,25,31,0.81,8,35,43,19,10,5,17,15,103,49,89,0.55,15,34,0.44,8,11,0.73,4,32,36,31,9,2,16,21,121,8,7,0.533,"7-5","1-2",10,4,0.714,"5-2","5-2"
"2021-11-15","DEN","DAL",2021,"YES",45,90,0.5,14,36,0.39,7,10,0.7,10,34,44,30,7,2,8,19,111,40,84,0.48,9,32,0.28,12,17,0.71,10,36,46,20,4,5,11,16,101,9,4,0.692,"6-1","3-3",9,5,0.643,"7-1","2-4"
"2021-11-15","HOU","MEM",2021,"YES",52,96,0.54,16,41,0.39,16,20,0.8,7,42,49,33,14,8,10,21,136,36,95,0.38,11,38,0.29,19,26,0.73,14,32,46,24,6,5,17,16,102,7,7,0.5,"5-3","2-4",1,13,0.071,"1-5","0-8"
"2021-11-15","IND","NYK",2021,"YES",37,86,0.43,11,34,0.32,7,10,0.7,8,38,46,22,1,5,10,15,92,32,86,0.37,8,37,0.22,12,16,0.75,9,35,44,16,6,6,7,15,84,8,6,0.571,"3-4","5-2",6,9,0.4,"4-2","2-7"
"2021-11-15","MIA","OKC",2021,"NO",34,83,0.41,15,41,0.37,7,10,0.7,9,33,42,26,6,10,20,15,90,37,82,0.45,18,40,0.45,11,13,0.85,8,37,45,22,11,5,17,13,103,5,8,0.385,"3-4","2-4",9,5,0.643,"4-1","5-4"
"2021-11-15","NOP","WAS",2021,"YES",39,84,0.46,10,28,0.36,17,25,0.68,6,36,42,23,9,4,5,22,105,30,74,0.41,11,21,0.52,29,34,0.85,7,38,45,20,2,3,12,25,100,10,3,0.769,"6-1","4-2",2,13,0.133,"1-6","1-7"
"2021-11-15","ORL","ATL",2021,"YES",47,85,0.55,14,30,0.47,21,32,0.66,9,37,46,32,10,7,11,17,129,43,95,0.45,16,43,0.37,9,14,0.64,12,29,41,30,8,5,16,27,111,6,9,0.4,"5-1","1-8",3,11,0.214,"1-6","2-5"
"2021-11-15","PHX","MIN",2021,"NO",31,85,0.36,13,44,0.3,21,27,0.78,13,41,54,18,8,3,18,28,96,32,85,0.38,7,31,0.23,28,36,0.78,14,38,52,21,8,2,15,23,99,4,9,0.308,"2-6","2-3",10,3,0.769,"5-2","5-1"
"2021-11-15","SAC","DET",2021,"NO",39,96,0.41,13,47,0.28,16,17,0.94,16,31,47,23,7,2,17,10,107,52,98,0.53,16,33,0.48,9,11,0.82,11,36,47,32,11,5,13,17,129,3,10,0.231,"1-5","2-5",6,8,0.429,"2-4","4-4"
"2021-11-15","TOR","POR",2021,"YES",46,82,0.56,16,36,0.44,10,14,0.71,7,32,39,25,6,7,12,15,118,41,89,0.46,15,33,0.45,16,18,0.89,12,27,39,20,7,2,11,17,113,7,8,0.467,"6-1","1-7",7,8,0.467,"2-6","5-2"
"2021-11-16","GSW","BKN",2021,"NO",34,88,0.39,10,36,0.28,21,27,0.78,9,29,38,21,12,2,11,23,99,41,79,0.52,13,40,0.32,22,28,0.79,9,44,53,25,4,8,21,27,117,10,5,0.667,"4-3","6-2",12,2,0.857,"8-1","4-1"
"2021-11-16","PHI","UTA",2021,"YES",46,89,0.52,16,38,0.42,12,19,0.63,6,50,56,27,5,8,9,20,120,33,90,0.37,6,29,0.21,13,17,0.76,6,36,42,19,5,5,8,16,85,9,5,0.643,"5-2","4-3",8,7,0.533,"4-4","4-3"
"2021-11-16","SAS","LAC",2021,"YES",37,85,0.44,12,38,0.32,20,22,0.91,6,46,52,16,9,3,20,13,106,41,95,0.43,5,22,0.23,5,7,0.71,6,35,41,26,10,4,16,17,92,9,5,0.643,"7-3","2-2",4,10,0.286,"2-4","2-6"
"2021-11-17","BOS","ATL",2021,"YES",41,81,0.51,13,37,0.35,15,18,0.83,6,34,40,28,9,4,11,17,110,37,84,0.44,11,41,0.27,14,17,0.82,12,30,42,24,9,2,14,17,99,7,9,0.438,"6-1","1-8",7,8,0.467,"2-3","5-5"
"2021-11-17","CHI","POR",2021,"YES",37,84,0.44,11,31,0.35,27,28,0.96,12,32,44,26,10,5,16,19,112,39,83,0.47,13,29,0.45,16,20,0.8,10,26,36,23,7,9,15,23,107,8,8,0.5,"7-1","1-7",10,5,0.667,"5-2","5-3"
"2021-11-17","CLE","BKN",2021,"YES",38,83,0.46,12,32,0.38,21,25,0.84,8,39,47,29,7,3,11,20,109,35,89,0.39,11,44,0.25,18,21,0.86,12,38,50,20,9,1,13,17,99,11,5,0.688,"5-3","6-2",9,7,0.563,"4-3","5-4"
"2021-11-17","DAL","PHX",2021,"YES",41,93,0.44,13,39,0.33,10,14,0.71,8,41,49,27,6,7,7,9,105,38,92,0.41,16,32,0.5,6,6,1,9,41,50,28,5,2,10,14,98,11,3,0.786,"6-2","5-1",9,5,0.643,"6-1","3-4"
"2021-11-17","HOU","OKC",2021,"YES",41,92,0.45,10,39,0.26,9,16,0.56,9,47,56,18,10,6,10,19,101,32,90,0.36,12,42,0.29,13,19,0.68,9,37,46,16,6,4,14,14,89,6,8,0.429,"4-4","2-4",1,14,0.067,"1-5","0-9"
"2021-11-17","IND","DET",2021,"YES",34,80,0.42,8,28,0.29,21,28,0.75,8,34,42,16,13,5,12,20,97,33,79,0.42,9,37,0.24,14,19,0.74,7,36,43,14,5,5,18,22,89,4,10,0.286,"2-5","2-5",6,10,0.375,"4-2","2-8"
"2021-11-17","LAL","MIL",2021,"YES",40,87,0.46,12,37,0.32,17,24,0.71,9,43,52,22,9,4,15,10,109,40,96,0.42,12,43,0.28,10,12,0.83,11,37,48,24,8,4,13,19,102,7,8,0.467,"2-4","5-4",8,8,0.5,"7-5","1-3"
"2021-11-17","NOP","MIA",2021,"YES",42,87,0.48,15,40,0.38,14,17,0.82,10,29,39,29,6,2,10,25,113,33,75,0.44,10,35,0.29,22,28,0.79,10,28,38,18,6,3,16,21,98,10,5,0.667,"5-1","5-4",2,14,0.125,"1-6","1-8"
"2021-11-17","ORL","NYK",2021,"NO",37,88,0.42,16,49,0.33,8,12,0.67,11,34,45,25,5,7,18,20,98,39,96,0.41,11,38,0.29,15,18,0.83,14,37,51,20,7,3,12,19,104,8,7,0.533,"3-5","5-2",4,11,0.267,"1-6","3-5"
"2021-11-17","SAC","MIN",2021,"YES",41,82,0.5,10,36,0.28,15,18,0.83,10,25,35,20,8,10,17,24,107,34,93,0.37,10,38,0.26,19,25,0.76,20,27,47,19,7,3,16,22,97,5,9,0.357,"3-6","2-3",6,9,0.4,"2-4","4-5"
"2021-11-17","WAS","CHA",2021,"YES",42,96,0.44,10,32,0.31,3,6,0.5,16,43,59,30,6,8,11,16,97,33,90,0.37,8,42,0.19,13,16,0.81,11,37,48,23,7,5,10,12,87,9,7,0.563,"5-2","4-5",10,4,0.714,"6-1","4-3"
